Lyric_Text,Lyric_ID,Clean_Lyric_Text
"i'm doing good, i'm on some new shit",1,im doing good im on some new shit
"been saying ""yes"" instead of ""no""",2,been saying yes instead of no
"i thought i saw you at the bus stop, i didn't though",3,i thought i saw you at the bus stop i didnt though
i hit the ground running each night,4,i hit the ground running each night
i hit the sunday matinée,5,i hit the sunday matinée
you know the greatest films of all time were never made,6,you know the greatest films of all time were never made
"i guess you never know, never know",7,i guess you never know never know
"and if you wanted me, you really should've showed",8,and if you wanted me you really shouldve showed
"and if you never bleed, you're never gonna grow",9,and if you never bleed youre never gonna grow
and it's alright now,10,and its alright now
"but we were something, don't you think so?",11,but we were something dont you think so
"roaring twenties, tossing pennies in the pool",12,roaring twenties tossing pennies in the pool
and if my wishes came true,13,and if my wishes came true
it would've been you,14,it wouldve been you
"in my defense, i have none",15,in my defense i have none
for never leaving well enough alone,16,for never leaving well enough alone
but it would've been fun,17,but it wouldve been fun
if you would've been the onei have this dream you're doing cool shit,18,if you wouldve been the onei have this dream youre doing cool shit
having adventures on your own,19,having adventures on your own
you meet some woman on the internet and take her home,20,you meet some woman on the internet and take her home
"we never painted by the numbers, baby",21,we never painted by the numbers baby
but we were making it count,22,but we were making it count
you know the greatest loves of all time are over now,23,you know the greatest loves of all time are over now
"i guess you never know, never know",24,i guess you never know never know
and it's another day waking up alone,25,and its another day waking up alone
"but we were something, don't you think so?",26,but we were something dont you think so
"roaring twenties, tossing pennies in the pool",27,roaring twenties tossing pennies in the pool
and if my wishes came true,28,and if my wishes came true
it would've been you,29,it wouldve been you
"in my defense, i have none",30,in my defense i have none
for never leaving well enough alone,31,for never leaving well enough alone
but it would've been fun,32,but it wouldve been fun
if you would've been the one,33,if you wouldve been the one
"i, i, i persist and resist the temptation to ask you",34,i i i persist and resist the temptation to ask you
if one thing had been different,35,if one thing had been different
would everything be different today?,36,would everything be different today
"we were something, don't you think so?",37,we were something dont you think so
rosé flowing with your chosen family,38,rosé flowing with your chosen family
and it would've been sweet,39,and it wouldve been sweet
if it could've been me,40,if it couldve been me
"in my defense, i have none",41,in my defense i have none
for digging up the grave another time,42,for digging up the grave another time
but it would've been fun,43,but it wouldve been fun
if you would've been the one,44,if you wouldve been the one
"vintage tee, brand new phone",45,vintage tee brand new phone
high heels on cobblestones,46,high heels on cobblestones
"when you are young, they assume you know nothing",47,when you are young they assume you know nothing
"sequined smile, black lipstick",48,sequined smile black lipstick
sensual politics,49,sensual politics
"when you are young, they assume you know nothing",50,when you are young they assume you know nothing
but i knew you,51,but i knew you
dancin' in your levi's,52,dancin in your levis
"drunk under a streetlight, i",53,drunk under a streetlight i
i knew you,54,i knew you
hand under my sweatshirt,55,hand under my sweatshirt
"baby, kiss it better, i",56,baby kiss it better i
and when i felt like i was an old cardigan,57,and when i felt like i was an old cardigan
under someone's bed,58,under someones bed
you put me on and said i was your favorite,59,you put me on and said i was your favorite
a friend to all is a friend to none,60,a friend to all is a friend to none
"chase two girls, lose the one",61,chase two girls lose the one
"when you are young, they assume you know nothing",62,when you are young they assume you know nothing
but i knew you,63,but i knew you
playing hide-and-seek and,64,playing hideandseek and
"giving me your weekends, i",65,giving me your weekends i
i knew you,66,i knew you
your heartbeat on the high line,67,your heartbeat on the high line
"once in twenty lifetimes, i",68,once in twenty lifetimes i
and when i felt like i was an old cardigan,69,and when i felt like i was an old cardigan
under someone's bed,70,under someones bed
you put me on and said i was your favorite,71,you put me on and said i was your favorite
to kiss in cars and downtown bars,72,to kiss in cars and downtown bars
was all we needed,73,was all we needed
you drew stars around my scars,74,you drew stars around my scars
but now i'm bleedin',75,but now im bleedin
'cause i knew you,76,cause i knew you
steppin' on the last train,77,steppin on the last train
"marked me like a bloodstain, i",78,marked me like a bloodstain i
i knew you,79,i knew you
tried to change the ending,80,tried to change the ending
"peter losing wendy, i",81,peter losing wendy i
i knew you,82,i knew you
leavin' like a father,83,leavin like a father
"running like water, i",84,running like water i
"and when you are young, they assume you know nothing",85,and when you are young they assume you know nothing
but i knew you'd linger like a tattoo kiss,86,but i knew youd linger like a tattoo kiss
i knew you'd haunt all of my what-ifs,87,i knew youd haunt all of my whatifs
the smell of smoke would hang around this long,88,the smell of smoke would hang around this long
'cause i knew everything when i was young,89,cause i knew everything when i was young
i knew i'd curse you for the longest time,90,i knew id curse you for the longest time
chasin' shadows in the grocery line,91,chasin shadows in the grocery line
i knew you'd miss me once the thrill expired,92,i knew youd miss me once the thrill expired
and you'd be standin' in my front porch light,93,and youd be standin in my front porch light
and i knew you'd come back to me,94,and i knew youd come back to me
you'd come back to me,95,youd come back to me
and you'd come back to me,96,and youd come back to me
and you'd come back,97,and youd come back
and when i felt like i was an old cardigan,98,and when i felt like i was an old cardigan
under someone's bed,99,under someones bed
you put me on and said i was your favorite,100,you put me on and said i was your favorite
"rebekah rode up on the afternoon train, it was sunny",101,rebekah rode up on the afternoon train it was sunny
her saltbox house on the coast took her mind off st. louis,102,her saltbox house on the coast took her mind off st louis
bill was the heir to the standard oil name and money,103,bill was the heir to the standard oil name and money
"and the town said, ""how did a middle-class divorcée do it?""",104,and the town said how did a middleclass divorcée do it
"the wedding was charming, if a little gauche",105,the wedding was charming if a little gauche
there's only so far new money goes,106,theres only so far new money goes
"they picked out a home and called it ""holiday house""",107,they picked out a home and called it holiday house
"their parties were tasteful, if a little loud",108,their parties were tasteful if a little loud
the doctor had told him to settle down,109,the doctor had told him to settle down
it must have been her fault his heart gave out,110,it must have been her fault his heart gave out
and they said,111,and they said
there goes the last great american dynasty,112,there goes the last great american dynasty
"who knows, if she never showed up, what could've been",113,who knows if she never showed up what couldve been
there goes the maddest woman this town has ever seen,114,there goes the maddest woman this town has ever seen
she had a marvelous time ruining everything,115,she had a marvelous time ruining everything
rebekah gave up on the rhode island set forever,116,rebekah gave up on the rhode island set forever
flew in all her bitch pack friends from the city,117,flew in all her bitch pack friends from the city
filled the pool with champagne and swam with the big names,118,filled the pool with champagne and swam with the big names
and blew through the money on the boys and the ballet,119,and blew through the money on the boys and the ballet
and losing on card game bets with dalí,120,and losing on card game bets with dalí
and they said,121,and they said
there goes the last great american dynasty,122,there goes the last great american dynasty
"who knows, if she never showed up, what could've been",123,who knows if she never showed up what couldve been
there goes the most shameless woman this town has ever seen,124,there goes the most shameless woman this town has ever seen
she had a marvelous time ruining everything,125,she had a marvelous time ruining everything
they say she was seen on occasion,126,they say she was seen on occasion
"pacing the rocks, staring out at the midnight sea",127,pacing the rocks staring out at the midnight sea
and in a feud with her neighbor,128,and in a feud with her neighbor
she stole his dog and dyed it key lime green,129,she stole his dog and dyed it key lime green
fifty years is a long time,130,fifty years is a long time
holiday house sat quietly on that beach,131,holiday house sat quietly on that beach
"free of women with madness, their men and bad habits",132,free of women with madness their men and bad habits
and then it was bought by me,133,and then it was bought by me
"who knows, if i never showed up, what could've been",134,who knows if i never showed up what couldve been
there goes the loudest woman this town has ever seen,135,there goes the loudest woman this town has ever seen
i had a marvelous time ruining everything,136,i had a marvelous time ruining everything
i had a marvelous time ruining everything,137,i had a marvelous time ruining everything
a marvelous time ruining everything,138,a marvelous time ruining everything
a marvelous time,139,a marvelous time
i had a marvelous time,140,i had a marvelous time
"i can see you standin', honey",141,i can see you standin honey
with his arms around your body,142,with his arms around your body
laughin' but the joke's not funny at all,143,laughin but the jokes not funny at all
and it took you five whole minutes,144,and it took you five whole minutes
to pack us up and leave me with it,145,to pack us up and leave me with it
holdin' all this love out here in the hall,146,holdin all this love out here in the hall
i think i've seen this film before,147,i think ive seen this film before
and i didn't like the ending,148,and i didnt like the ending
you're not my homeland anymore,149,youre not my homeland anymore
so what am i defendin' now?,150,so what am i defendin now
you were my town,151,you were my town
now i'm in exile seein' you out,152,now im in exile seein you out
i think i've seen this film before,153,i think ive seen this film before
"i can see you starin', honey",154,i can see you starin honey
like he's just your understudy,155,like hes just your understudy
like you'd get your knuckles bloody for me,156,like youd get your knuckles bloody for me
"second, third, and hundredth chances",157,second third and hundredth chances
balancin' on breaking branches,158,balancin on breaking branches
those eyes add insult to injury,159,those eyes add insult to injury
i think i've seen this film before,160,i think ive seen this film before
and i didn't like the ending,161,and i didnt like the ending
i'm not your problem anymore,162,im not your problem anymore
so who am i offending now?,163,so who am i offending now
you were my crown,164,you were my crown
now i'm in exile seein' you out,165,now im in exile seein you out
i think i've seen this film before,166,i think ive seen this film before
so i'm leavin' out the side door,167,so im leavin out the side door
so step right out,168,so step right out
there is no amount,169,there is no amount
of cryin' i can do for you,170,of cryin i can do for you
all this time,171,all this time
we always walked a very thin line,172,we always walked a very thin line
you didn't even hear me out (you didn't even hear me out),173,you didnt even hear me out
you never gave a warning sign (i gave so many signs),174,you never gave a warning sign
all this time,175,all this time
i never learned to read your mind (never learned to read my mind),176,i never learned to read your mind
i couldn't turn things around (you never turned things around),177,i couldnt turn things around
'cause you never gave a warning sign (i gave so many signs),178,cause you never gave a warning sign
so many signs,179,so many signs
so many signs (you didn't even see the signs),180,so many signs
i think i've seen this film before,181,i think ive seen this film before
and i didn't like the ending,182,and i didnt like the ending
you're not my homeland anymore,183,youre not my homeland anymore
so what am i defending now?,184,so what am i defending now
you were my town,185,you were my town
now i'm in exile seein' you out,186,now im in exile seein you out
i think i've seen this film before,187,i think ive seen this film before
so i'm leaving out the side door,188,so im leaving out the side door
so step right out,189,so step right out
there is no amount,190,there is no amount
of cryin' i can do for you,191,of cryin i can do for you
all this time,192,all this time
we always walked a very thin line,193,we always walked a very thin line
you didn't even hear me out (you didn't even hear me out),194,you didnt even hear me out
you never gave a warning sign (i gave so many signs),195,you never gave a warning sign
all this time,196,all this time
i never learned to read your mind (never learned to read my mind),197,i never learned to read your mind
i couldn't turn things around (you never turned things around),198,i couldnt turn things around
'cause you never gave a warning sign (i gave so many signs),199,cause you never gave a warning sign
all this time (so many times),200,all this time
i never learned to read your mind (so many signs),201,i never learned to read your mind
i couldn't turn things around,202,i couldnt turn things around
'cause you never gave a warning sign (never gave a warning sign),203,cause you never gave a warning sign
we gather here,204,we gather here
we line up weeping in a sunlit room,205,we line up weeping in a sunlit room
and if i'm on fire,206,and if im on fire
"you'll be made of ashes, too",207,youll be made of ashes too
even on my worst day,208,even on my worst day
"did i deserve, babe",209,did i deserve babe
all the hell you gave me?,210,all the hell you gave me
'cause i loved you,211,cause i loved you
i swear i loved you,212,i swear i loved you
till my dying day,213,till my dying day
i didn't have it in myself to go with grace,214,i didnt have it in myself to go with grace
and you're the hero flying around saving face,215,and youre the hero flying around saving face
and if i'm dead to you why are you at the wake?,216,and if im dead to you why are you at the wake
cursing my name,217,cursing my name
wishing i stayed,218,wishing i stayed
look at how my tears ricochet,219,look at how my tears ricochet
we gather stones,220,we gather stones
never knowing what they'll mean,221,never knowing what theyll mean
some to throw,222,some to throw
some to make a diamond ring,223,some to make a diamond ring
you know i didn't want to,224,you know i didnt want to
have to haunt you,225,have to haunt you
but what a ghostly scene,226,but what a ghostly scene
you wear the same jewels,227,you wear the same jewels
that i gave you,228,that i gave you
as you bury me,229,as you bury me
i didn't have it in myself to go with grace,230,i didnt have it in myself to go with grace
"'cause when i'd fight, you used to tell me i was brave",231,cause when id fight you used to tell me i was brave
and if i'm dead to you why are you at the wake?,232,and if im dead to you why are you at the wake
cursing my name,233,cursing my name
wishing i'd stayed,234,wishing id stayed
look at how my tears ricochet,235,look at how my tears ricochet
and i can go anywhere i want,236,and i can go anywhere i want
anywhere i want,237,anywhere i want
just not home,238,just not home
"and you can aim for my heart, go for blood",239,and you can aim for my heart go for blood
but you would still miss me in your bones,240,but you would still miss me in your bones
and i still talk to you,241,and i still talk to you
when i'm screaming at the sky,242,when im screaming at the sky
and when you can't sleep at night,243,and when you cant sleep at night
you hear my stolen lullabies,244,you hear my stolen lullabies
i didn't have it in myself to go with grace,245,i didnt have it in myself to go with grace
and so the battleships will sink beneath the waves,246,and so the battleships will sink beneath the waves
"you had to kill me, but it killed you just the same",247,you had to kill me but it killed you just the same
cursing my name,248,cursing my name
wishing i stayed,249,wishing i stayed
you turned into your worst fears,250,you turned into your worst fears
and you're tossing out blame,251,and youre tossing out blame
drunk on this pain,252,drunk on this pain
crossing out the good years,253,crossing out the good years
and you're cursing my name,254,and youre cursing my name
wishing i stayed,255,wishing i stayed
look at how my tears ricochet,256,look at how my tears ricochet
i want you to know,257,i want you to know
i'm a mirrorball,258,im a mirrorball
i'll show you every version of yourself tonight,259,ill show you every version of yourself tonight
i'll get you out on the floor,260,ill get you out on the floor
shimmering beautiful,261,shimmering beautiful
and when i break it's in a million pieces,262,and when i break its in a million pieces
hush,263,hush
"when no one is around, my dear",264,when no one is around my dear
you'll find me on my tallest tiptoes,265,youll find me on my tallest tiptoes
"spinning in my highest heels, love",266,spinning in my highest heels love
shining just for you,267,shining just for you
hush,268,hush
i know they said the end is near,269,i know they said the end is near
but i'm still on my tallest tiptoes,270,but im still on my tallest tiptoes
"spinning in my highest heels, love",271,spinning in my highest heels love
shining just for you,272,shining just for you
i want you to know,273,i want you to know
i'm a mirrorball,274,im a mirrorball
i can change everything about me to fit in,275,i can change everything about me to fit in
you are not like the regulars,276,you are not like the regulars
the masquerade revelers,277,the masquerade revelers
drunk as they watch my shattered edges glisten,278,drunk as they watch my shattered edges glisten
hush,279,hush
"when no one is around, my dear",280,when no one is around my dear
you'll find me on my tallest tiptoes,281,youll find me on my tallest tiptoes
"spinning in my highest heels, love",282,spinning in my highest heels love
shining just for you,283,shining just for you
hush,284,hush
i know they said the end is near,285,i know they said the end is near
but i'm still on my tallest tiptoes,286,but im still on my tallest tiptoes
"spinning in my highest heels, love",287,spinning in my highest heels love
shining just for you,288,shining just for you
and they called off the circus,289,and they called off the circus
burned the disco down,290,burned the disco down
when they sent home the horses,291,when they sent home the horses
and the rodeo clowns,292,and the rodeo clowns
i'm still on that tightrope,293,im still on that tightrope
i'm still trying everything to get you laughing at me,294,im still trying everything to get you laughing at me
i'm still a believer but i don't know why,295,im still a believer but i dont know why
i've never been a natural,296,ive never been a natural
"all i do is try, try, try",297,all i do is try try try
i'm still on that trapeze,298,im still on that trapeze
i'm still trying everything,299,im still trying everything
to keep you looking at me,300,to keep you looking at me
because i'm a mirrorball,301,because im a mirrorball
i'm a mirrorball,302,im a mirrorball
i'll show you every version of yourself,303,ill show you every version of yourself
tonight,304,tonight
please picture me,305,please picture me
in the trees,306,in the trees
i hit my peak at seven,307,i hit my peak at seven
feet,308,feet
in the swing,309,in the swing
over the creek,310,over the creek
"i was too scared to jump in, but i, i was high",311,i was too scared to jump in but i i was high
in the sky,312,in the sky
with pennsylvania under me,313,with pennsylvania under me
are there still beautiful things?,314,are there still beautiful things
sweet tea in the summer,315,sweet tea in the summer
"cross your heart, won't tell no other",316,cross your heart wont tell no other
and though i can't recall your face,317,and though i cant recall your face
i still got love for you,318,i still got love for you
your braids like a pattern,319,your braids like a pattern
love you to the moon and to saturn,320,love you to the moon and to saturn
passed down like folk songs,321,passed down like folk songs
the love lasts so long,322,the love lasts so long
and i've been meaning to tell you,323,and ive been meaning to tell you
i think your house is haunted,324,i think your house is haunted
your dad is always mad and that must be why,325,your dad is always mad and that must be why
and i think you should come live with,326,and i think you should come live with
me and we can be pirates,327,me and we can be pirates
then you won't have to cry,328,then you wont have to cry
or hide in the closet,329,or hide in the closet
and just like a folk song,330,and just like a folk song
our love will be passed on,331,our love will be passed on
please picture me,332,please picture me
in the weeds,333,in the weeds
before i learned civility,334,before i learned civility
i used to scream,335,i used to scream
ferociously,336,ferociously
any time i wanted,337,any time i wanted
sweet tea in the summer,338,sweet tea in the summer
"cross my heart, won't tell no other",339,cross my heart wont tell no other
and though i can't recall your face,340,and though i cant recall your face
i still got love for you,341,i still got love for you
pack your dolls and a sweater,342,pack your dolls and a sweater
we'll move to india forever,343,well move to india forever
passed down like folk songs,344,passed down like folk songs
our love lasts so long,345,our love lasts so long
salt air,346,salt air
and the rust on your door,347,and the rust on your door
i never needed anything more,348,i never needed anything more
whispers,349,whispers
"of ""are you sure?""",350,of are you sure
"""never have i ever before""",351,never have i ever before
but i can see us,352,but i can see us
lost in the memory,353,lost in the memory
august slipped away into a moment in time,354,august slipped away into a moment in time
'cause it was never mine,355,cause it was never mine
and i can see us twisted in bedsheets,356,and i can see us twisted in bedsheets
august sipped away,357,august sipped away
like a bottle of wine,358,like a bottle of wine
'cause you were never mine,359,cause you were never mine
your back,360,your back
beneath the sun,361,beneath the sun
wishing i could write my name on it,362,wishing i could write my name on it
will you call when you're back at school?,363,will you call when youre back at school
i remember thinking i had you,364,i remember thinking i had you
but i can see us,365,but i can see us
lost in the memory,366,lost in the memory
august slipped away into a moment in time,367,august slipped away into a moment in time
'cause it was never mine,368,cause it was never mine
and i can see us twisted in bedsheets,369,and i can see us twisted in bedsheets
august sipped away,370,august sipped away
like a bottle of wine,371,like a bottle of wine
'cause you were never mine,372,cause you were never mine
back when we were still changing for the better,373,back when we were still changing for the better
wanting was enough,374,wanting was enough
"for me, it was enough",375,for me it was enough
to live for the hope of it all,376,to live for the hope of it all
cancel plans just in case you'd call,377,cancel plans just in case youd call
"and say ""meet me behind the mall""",378,and say meet me behind the mall
"so much for summer love, and saying ""us""",379,so much for summer love and saying us
'cause you weren't mine to lose,380,cause you werent mine to lose
you weren't mine to lose,381,you werent mine to lose
no,382,no
but i can see us,383,but i can see us
lost in the memory,384,lost in the memory
august slipped away into a moment in time,385,august slipped away into a moment in time
'cause it was never mine,386,cause it was never mine
and i can see us twisted in bedsheets,387,and i can see us twisted in bedsheets
august sipped away,388,august sipped away
like a bottle of wine,389,like a bottle of wine
"'cause you were never mine, mine",390,cause you were never mine mine
'cause you were never mine,391,cause you were never mine
never mine,392,never mine
do you remember?,393,do you remember
remember when i pulled up,394,remember when i pulled up
"and said ""get in the car""",395,and said get in the car
and then canceled my plans,396,and then canceled my plans
just in case you'd call,397,just in case youd call
back when i was living for the hope of it all,398,back when i was living for the hope of it all
for the hope of it all,399,for the hope of it all
"""meet me behind the mall""",400,meet me behind the mall
remember when i pulled up,401,remember when i pulled up
"and said ""get in the car""",402,and said get in the car
and then canceled my plans,403,and then canceled my plans
just in case you'd call,404,just in case youd call
back when i was living for the hope of it all,405,back when i was living for the hope of it all
for the hope of it all,406,for the hope of it all
for the hope of it all,407,for the hope of it all
for the hope of it all,408,for the hope of it all
for the hope of it all,409,for the hope of it all
i've been having a hard time adjusting,410,ive been having a hard time adjusting
"i had the shiniest wheels, now they're rusting",411,i had the shiniest wheels now theyre rusting
i didn't know if you'd care if i came back,412,i didnt know if youd care if i came back
i have a lot of regrets about that,413,i have a lot of regrets about that
pulled the car off the road to the lookout,414,pulled the car off the road to the lookout
could've followed my fears all the way down,415,couldve followed my fears all the way down
and maybe i don't quite know what to say,416,and maybe i dont quite know what to say
but i'm here in your doorway,417,but im here in your doorway
i just wanted you to know,418,i just wanted you to know
that this is me trying,419,that this is me trying
i just wanted you to know,420,i just wanted you to know
that this is me trying,421,that this is me trying
they told me all of my cages were mental,422,they told me all of my cages were mental
so i got wasted like all my potential,423,so i got wasted like all my potential
and my words shoot to kill when i'm mad,424,and my words shoot to kill when im mad
i have a lot of regrets about that,425,i have a lot of regrets about that
"i was so ahead of the curve, the curve became a sphere",426,i was so ahead of the curve the curve became a sphere
fell behind all my classmates and i ended up here,427,fell behind all my classmates and i ended up here
pourin' out my heart to a stranger,428,pourin out my heart to a stranger
but i didn't pour the whiskey,429,but i didnt pour the whiskey
i just wanted you to know,430,i just wanted you to know
that this is me trying,431,that this is me trying
i just wanted you to know,432,i just wanted you to know
that this is me trying,433,that this is me trying
at least i'm trying,434,at least im trying
and it's hard to be at a party,435,and its hard to be at a party
when i feel like an open wound,436,when i feel like an open wound
it's hard to be anywhere these days,437,its hard to be anywhere these days
when all i want is you,438,when all i want is you
you're a flashback in a film reel,439,youre a flashback in a film reel
on the one screen in my town,440,on the one screen in my town
and i just wanted you to know,441,and i just wanted you to know
that this is me trying (maybe i don't quite know what to say),442,that this is me trying
i just wanted you to know,443,i just wanted you to know
that this is me trying,444,that this is me trying
at least i'm trying,445,at least im trying
make sure nobody sees you leave,446,make sure nobody sees you leave
hood over your head,447,hood over your head
keep your eyes down,448,keep your eyes down
tell your friends you're out for a run,449,tell your friends youre out for a run
you'll be flushed when you return,450,youll be flushed when you return
take the road less traveled by,451,take the road less traveled by
tell yourself you can always stop,452,tell yourself you can always stop
what started in beautiful rooms,453,what started in beautiful rooms
ends with meetings in parking lots,454,ends with meetings in parking lots
and that's the thing about illicit affairs,455,and thats the thing about illicit affairs
and clandestine meetings,456,and clandestine meetings
and longing stares,457,and longing stares
it's born from just one single glance,458,its born from just one single glance
but it dies and it dies and it dies,459,but it dies and it dies and it dies
...a million little times,460,a million little times
leave the perfume on the shelf,461,leave the perfume on the shelf
that you picked out just for him,462,that you picked out just for him
so you leave no trace behind,463,so you leave no trace behind
like you don't even exist,464,like you dont even exist
take the words for what they are,465,take the words for what they are
"a dwindling, mercurial high",466,a dwindling mercurial high
a drug that only worked,467,a drug that only worked
the first few hundred times,468,the first few hundred times
and that's the thing about illicit affairs,469,and thats the thing about illicit affairs
and clandestine meetings,470,and clandestine meetings
and stolen stares,471,and stolen stares
they show their truth one single time,472,they show their truth one single time
but they lie and they lie and they lie,473,but they lie and they lie and they lie
...a million little times,474,a million little times
and you wanna scream,475,and you wanna scream
don't call me kid,476,dont call me kid
don't call me baby,477,dont call me baby
look at this godforsaken mess that you made me,478,look at this godforsaken mess that you made me
you showed me colors you know i can't see with anyone else,479,you showed me colors you know i cant see with anyone else
don't call me kid,480,dont call me kid
don't call me baby,481,dont call me baby
look at this idiotic fool that you made me,482,look at this idiotic fool that you made me
you taught me a secret language i can't speak with anyone else,483,you taught me a secret language i cant speak with anyone else
and you know damn well,484,and you know damn well
for you i would ruin myself,485,for you i would ruin myself
...a million little times,486,a million little times
green was the color of the grass where i used to read at centennial park,487,green was the color of the grass where i used to read at centennial park
i used to think i would meet somebody there,488,i used to think i would meet somebody there
teal was the color of your shirt when you were 16 at the yogurt shop,489,teal was the color of your shirt when you were 16 at the yogurt shop
you used to work at to make a little money,490,you used to work at to make a little money
time,491,time
curious time,492,curious time
gave me no compasses,493,gave me no compasses
gave me no signs,494,gave me no signs
were there clues i didn't see?,495,were there clues i didnt see
and isn't it just so pretty to think,496,and isnt it just so pretty to think
all along there was some,497,all along there was some
invisible string,498,invisible string
tying you to me?,499,tying you to me
bad was the blood of the song in the cab on your first trip to la,500,bad was the blood of the song in the cab on your first trip to la
you ate at my favorite spot for dinner,501,you ate at my favorite spot for dinner
bold was the waitress on our three-year trip getting lunch down by the lakes,502,bold was the waitress on our threeyear trip getting lunch down by the lakes
she said i looked like an american singer,503,she said i looked like an american singer
time,504,time
mystical time,505,mystical time
"cutting me open, then healing me fine",506,cutting me open then healing me fine
were there clues i didn't see?,507,were there clues i didnt see
and isn't it just so pretty to think,508,and isnt it just so pretty to think
all along there was some,509,all along there was some
invisible string,510,invisible string
tying you to me?,511,tying you to me
a string that pulled me,512,a string that pulled me
out of all the wrong arms right into that dive bar,513,out of all the wrong arms right into that dive bar
something wrapped all of my past mistakes in barbed wire,514,something wrapped all of my past mistakes in barbed wire
chains around my demons,515,chains around my demons
wool to brave the seasons,516,wool to brave the seasons
one single thread of gold tied me to you,517,one single thread of gold tied me to you
cold was the steel of my axe to grind for the boys who broke my heart,518,cold was the steel of my axe to grind for the boys who broke my heart
now i send their babies presents,519,now i send their babies presents
gold was the color of the leaves when i showed you around centennial park,520,gold was the color of the leaves when i showed you around centennial park
hell was the journey but it brought me heaven,521,hell was the journey but it brought me heaven
time,522,time
wondrous time,523,wondrous time
gave me the blues and then purple pink skies,524,gave me the blues and then purple pink skies
and it's cool,525,and its cool
baby with me,526,baby with me
and isn't it just so pretty to think,527,and isnt it just so pretty to think
all along there was some,528,all along there was some
invisible string,529,invisible string
tying you to me?,530,tying you to me
what did you think i'd say to that?,531,what did you think id say to that
does a scorpion sting when fighting back?,532,does a scorpion sting when fighting back
they strike to kill and you know i will,533,they strike to kill and you know i will
you know i will,534,you know i will
what do you sing on your drive home?,535,what do you sing on your drive home
do you see my face in the neighbor's lawn?,536,do you see my face in the neighbors lawn
does she smile?,537,does she smile
"or does she mouth ""f*ck you forever""?",538,or does she mouth fck you forever
every time you call me crazy,539,every time you call me crazy
i get more crazy,540,i get more crazy
what about that?,541,what about that
"and when you say i seem angry, i get more angry",542,and when you say i seem angry i get more angry
and there's nothing like a mad woman,543,and theres nothing like a mad woman
what a shame she went mad,544,what a shame she went mad
no one likes a mad woman,545,no one likes a mad woman
you made her like that,546,you made her like that
and you'll poke that bear till her claws come out,547,and youll poke that bear till her claws come out
and you find something to wrap your noose around,548,and you find something to wrap your noose around
and there's nothing like a mad woman,549,and theres nothing like a mad woman
now i breathe flames each time i talk,550,now i breathe flames each time i talk
my cannons all firing at your yacht,551,my cannons all firing at your yacht
"they say ""move on""",552,they say move on
but you know i won't,553,but you know i wont
"and women like hunting witches, too",554,and women like hunting witches too
doing your dirtiest work for you,555,doing your dirtiest work for you
it's obvious that wanting me dead has really brought you two together,556,its obvious that wanting me dead has really brought you two together
every time you call me crazy,557,every time you call me crazy
i get more crazy,558,i get more crazy
what about that?,559,what about that
"and when you say i seem angry, i get more angry",560,and when you say i seem angry i get more angry
and there's nothing like a mad woman,561,and theres nothing like a mad woman
what a shame she went mad,562,what a shame she went mad
no one likes a mad woman,563,no one likes a mad woman
you made her like that,564,you made her like that
and you'll poke that bear till her claws come out,565,and youll poke that bear till her claws come out
and you find something to wrap your noose around,566,and you find something to wrap your noose around
and there's nothing like a mad woman,567,and theres nothing like a mad woman
i'm taking my time,568,im taking my time
taking my time,569,taking my time
'cause you took everything from me,570,cause you took everything from me
watching you climb,571,watching you climb
watching you climb,572,watching you climb
over people like me,573,over people like me
the master of spin,574,the master of spin
has a couple side flings,575,has a couple side flings
good wives always know,576,good wives always know
she should be mad,577,she should be mad
should be scathing like me,578,should be scathing like me
but no one likes a mad woman,579,but no one likes a mad woman
what a shame she went mad,580,what a shame she went mad
you made her like that,581,you made her like that
keep your helmet,582,keep your helmet
"keep your life, son",583,keep your life son
just a flesh wound,584,just a flesh wound
here's your rifle,585,heres your rifle
crawling up the beaches now,586,crawling up the beaches now
"sir, i think he's bleedin' out",587,sir i think hes bleedin out
and some things you just can't speak about,588,and some things you just cant speak about
"with you, i serve",589,with you i serve
"with you, i fall down",590,with you i fall down
down,591,down
watch you breathin',592,watch you breathin
watch you breathin' out,593,watch you breathin out
out,594,out
something med school,595,something med school
did not cover,596,did not cover
someone's daughter,597,someones daughter
someone's mother,598,someones mother
holds your hand through plastic now,599,holds your hand through plastic now
"doc, i think she's crashin' out",600,doc i think shes crashin out
and some things you just can't speak about,601,and some things you just cant speak about
only twenty minutes to sleep,602,only twenty minutes to sleep
but you dream of some epiphany,603,but you dream of some epiphany
just one single glimpse of relief,604,just one single glimpse of relief
to make some sense of what you've seen,605,to make some sense of what youve seen
"with you, i serve",606,with you i serve
"with you, i fall down",607,with you i fall down
down (down),608,down
watch you breathin',609,watch you breathin
watch you breathin' out,610,watch you breathin out
out,611,out
"with you, i serve",612,with you i serve
"with you, i fall down (down)",613,with you i fall down
down (down),614,down
watch you breathin',615,watch you breathin
watch you breathin' out (out),616,watch you breathin out
out,617,out
only twenty minutes to sleep,618,only twenty minutes to sleep
but you dream of some epiphany,619,but you dream of some epiphany
just one single glimpse of relief,620,just one single glimpse of relief
to make some sense of what you've seen,621,to make some sense of what youve seen
"betty, i won't make assumptions",622,betty i wont make assumptions
"about why you switched your homeroom, but",623,about why you switched your homeroom but
i think it's 'cause of me,624,i think its cause of me
"betty, one time i was riding on my skateboard",625,betty one time i was riding on my skateboard
when i passed your house,626,when i passed your house
it's like i couldn't breathe,627,its like i couldnt breathe
you heard the rumors from inez,628,you heard the rumors from inez
you can't believe a word she says,629,you cant believe a word she says
"most times, but this time it was true",630,most times but this time it was true
the worst thing that i ever did,631,the worst thing that i ever did
was what i did to you,632,was what i did to you
but if i just showed up at your party,633,but if i just showed up at your party
would you have me? would you want me?,634,would you have me would you want me
would you tell me to go f*ck myself,635,would you tell me to go fck myself
or lead me to the garden?,636,or lead me to the garden
"in the garden, would you trust me",637,in the garden would you trust me
if i told you it was just a summer thing?,638,if i told you it was just a summer thing
"i'm only seventeen, i don't know anything",639,im only seventeen i dont know anything
but i know i miss you,640,but i know i miss you
"betty, i know where it all went wrong",641,betty i know where it all went wrong
your favorite song was playing,642,your favorite song was playing
from the far side of the gym,643,from the far side of the gym
i was nowhere to be found,644,i was nowhere to be found
"i hate the crowds, you know that",645,i hate the crowds you know that
"plus, i saw you dance with him",646,plus i saw you dance with him
you heard the rumors from inez,647,you heard the rumors from inez
you can't believe a word she says,648,you cant believe a word she says
"most times, but this time it was true",649,most times but this time it was true
the worst thing that i ever did,650,the worst thing that i ever did
was what i did to you,651,was what i did to you
but if i just showed up at your party,652,but if i just showed up at your party
would you have me? would you want me?,653,would you have me would you want me
would you tell me to go f*ck myself,654,would you tell me to go fck myself
or lead me to the garden?,655,or lead me to the garden
"in the garden, would you trust me",656,in the garden would you trust me
if i told you it was just a summer thing?,657,if i told you it was just a summer thing
"i'm only seventeen, i don't know anything",658,im only seventeen i dont know anything
but i know i miss you,659,but i know i miss you
i was walking home on broken cobblestones,660,i was walking home on broken cobblestones
just thinking of you when she pulled up like,661,just thinking of you when she pulled up like
a figment of my worst intentions,662,a figment of my worst intentions
"she said ""james, get in, let's drive""",663,she said james get in lets drive
those days turned into nights,664,those days turned into nights
"slept next to her, but",665,slept next to her but
i dreamt of you all summer long,666,i dreamt of you all summer long
"betty, i'm here on your doorstep",667,betty im here on your doorstep
and i planned it out for weeks now,668,and i planned it out for weeks now
but it's finally sinkin' in,669,but its finally sinkin in
"betty, right now is the last time",670,betty right now is the last time
i can dream about what happens when,671,i can dream about what happens when
you see my face again,672,you see my face again
the only thing i wanna do,673,the only thing i wanna do
is make it up to you,674,is make it up to you
so i showed up at your party,675,so i showed up at your party
"yeah, i showed up at your party",676,yeah i showed up at your party
"yeah, i showed up at your party",677,yeah i showed up at your party
will you have me? will you love me?,678,will you have me will you love me
will you kiss me on the porch,679,will you kiss me on the porch
in front of all your stupid friends?,680,in front of all your stupid friends
"if you kiss me, will it be just like i dreamed it?",681,if you kiss me will it be just like i dreamed it
will it patch your broken wings?,682,will it patch your broken wings
"i'm only seventeen, i don't know anything",683,im only seventeen i dont know anything
but i know i miss you,684,but i know i miss you
standing in your cardigan,685,standing in your cardigan
kissin' in my car again,686,kissin in my car again
stopped at a streetlight,687,stopped at a streetlight
you know i miss you,688,you know i miss you
our coming of age has come and gone,689,our coming of age has come and gone
suddenly this summer it's clear,690,suddenly this summer its clear
i never had the courage of my convictions,691,i never had the courage of my convictions
as long as danger is near,692,as long as danger is near
"and it's just around the corner, darlin'",693,and its just around the corner darlin
'cause it lives in me,694,cause it lives in me
"no, i could never give you peace",695,no i could never give you peace
but i'm a fire and i'll keep your brittle heart warm,696,but im a fire and ill keep your brittle heart warm
if your cascade ocean wave blues come,697,if your cascade ocean wave blues come
all these people think love's for show,698,all these people think loves for show
but i would die for you in secret,699,but i would die for you in secret
the devil's in the details,700,the devils in the details
but you got a friend in me,701,but you got a friend in me
would it be enough,702,would it be enough
if i could never give you peace?,703,if i could never give you peace
your integrity makes me seem small,704,your integrity makes me seem small
you paint dreamscapes on the wall,705,you paint dreamscapes on the wall
i talk shit with my friends,706,i talk shit with my friends
it's like i'm wastin' your honor,707,its like im wastin your honor
and you know that i'd,708,and you know that id
swing with you for the fences,709,swing with you for the fences
sit with you in the trenches,710,sit with you in the trenches
"give you my wild, give you a child",711,give you my wild give you a child
give you the silence that only comes when two people understand each other,712,give you the silence that only comes when two people understand each other
family that i chose now that i see your brother as my brother,713,family that i chose now that i see your brother as my brother
is it enough?,714,is it enough
but there's robbers to the east,715,but theres robbers to the east
clowns to the west,716,clowns to the west
i'd give you my sunshine,717,id give you my sunshine
give you my best,718,give you my best
but the rain is always gonna come,719,but the rain is always gonna come
if you're standing with me,720,if youre standing with me
but i'm a fire and i'll keep your brittle heart warm,721,but im a fire and ill keep your brittle heart warm
if your cascade ocean wave blues come,722,if your cascade ocean wave blues come
all these people think love's for show,723,all these people think loves for show
but i would die for you in secret,724,but i would die for you in secret
the devil's in the details,725,the devils in the details
but you got a friend in me,726,but you got a friend in me
would it be enough,727,would it be enough
if i could never give you peace?,728,if i could never give you peace
would it be enough,729,would it be enough
if i could never give you peace?,730,if i could never give you peace
would it be enough,731,would it be enough
if i could never give you peace?,732,if i could never give you peace
my only one,733,my only one
my smoking gun,734,my smoking gun
my eclipsed sun,735,my eclipsed sun
this has broken me down,736,this has broken me down
my twisted knife,737,my twisted knife
my sleepless night,738,my sleepless night
my winless fight,739,my winless fight
this has frozen my ground,740,this has frozen my ground
stood on the cliffside,741,stood on the cliffside
"screaming, ""give me a reason""",742,screaming give me a reason
your faithless love's the only hoax,743,your faithless loves the only hoax
i believe in,744,i believe in
don't want no other shade of blue,745,dont want no other shade of blue
but you,746,but you
no other sadness in the world would do,747,no other sadness in the world would do
my best laid plan,748,my best laid plan
your sleight of hand,749,your sleight of hand
my barren land,750,my barren land
i am ash from your fire,751,i am ash from your fire
stood on the cliffside,752,stood on the cliffside
"screaming ""give me a reason""",753,screaming give me a reason
your faithless love's the only hoax,754,your faithless loves the only hoax
i believe in,755,i believe in
don't want no other shade of blue,756,dont want no other shade of blue
but you,757,but you
no other sadness in the world would do,758,no other sadness in the world would do
you know i left a part of me back in new york,759,you know i left a part of me back in new york
"you knew the hero died, so what's the movie for",760,you knew the hero died so whats the movie for
you knew it still hurts underneath my scars,761,you knew it still hurts underneath my scars
from when they pulled me apart,762,from when they pulled me apart
"you knew the password, so i let you in the door",763,you knew the password so i let you in the door
"you knew you won, so what's the point of keeping score?",764,you knew you won so whats the point of keeping score
you knew it still hurts underneath my scars,765,you knew it still hurts underneath my scars
from when they pulled me apart,766,from when they pulled me apart
but what you did was just as dark,767,but what you did was just as dark
"darling, this was just as hard",768,darling this was just as hard
as when they pulled me apart,769,as when they pulled me apart
my only one,770,my only one
my kingdom come undone,771,my kingdom come undone
my broken drum,772,my broken drum
you have beaten my heart,773,you have beaten my heart
don't want no other shade of blue,774,dont want no other shade of blue
but you,775,but you
no other sadness in the world would do,776,no other sadness in the world would do
